{
    "1": {
        "precision": 0.999571948348434,
        "recall": 0.999928632600628,
        "f1-score": 0.9997502586606728,
        "support": 14012
    },
    "2": {
        "precision": 0.9959413272571916,
        "recall": 0.9982158150157008,
        "f1-score": 0.9970772740233818,
        "support": 14012
    },
    "3": {
        "precision": 0.9982826475849732,
        "recall": 0.99564658863831,
        "f1-score": 0.996962875620824,
        "support": 14012
    },
    "accuracy": 0.9979303454182129,
    "macro avg": {
        "precision": 0.9979319743968663,
        "recall": 0.9979303454182129,
        "f1-score": 0.9979301361016262,
        "support": 42036
    },
    "weighted avg": {
        "precision": 0.9979319743968662,
        "recall": 0.9979303454182129,
        "f1-score": 0.9979301361016263,
        "support": 42036
    }
}