{
    "1": {
        "precision": 0.0,
        "recall": 0.0,
        "f1-score": 0.0,
        "support": 21
    },
    "2": {
        "precision": 0.16873706004140787,
        "recall": 0.18822170900692842,
        "f1-score": 0.1779475982532751,
        "support": 866
    },
    "3": {
        "precision": 0.8781683001013856,
        "recall": 0.8632890365448505,
        "f1-score": 0.8706651030323337,
        "support": 6020
    },
    "accuracy": 0.7760243231504271,
    "macro avg": {
        "precision": 0.3489684533809312,
        "recall": 0.350503581850593,
        "f1-score": 0.34953756709520295,
        "support": 6907
    },
    "weighted avg": {
        "precision": 0.7865497988426524,
        "recall": 0.7760243231504271,
        "f1-score": 0.7811649833997374,
        "support": 6907
    }
}