{
    "1": {
        "precision": 0.030303030303030304,
        "recall": 0.047619047619047616,
        "f1-score": 0.037037037037037035,
        "support": 21
    },
    "2": {
        "precision": 0.1408016443987667,
        "recall": 0.1581986143187067,
        "f1-score": 0.14899401848830884,
        "support": 866
    },
    "3": {
        "precision": 0.8744280630401627,
        "recall": 0.8571428571428571,
        "f1-score": 0.8656991863098734,
        "support": 6020
    },
    "accuracy": 0.7670479223975677,
    "macro avg": {
        "precision": 0.3485109125806532,
        "recall": 0.3543201730268704,
        "f1-score": 0.35057674727840643,
        "support": 6907
    },
    "weighted avg": {
        "precision": 0.7798794740390148,
        "recall": 0.7670479223975677,
        "f1-score": 0.7733191978245391,
        "support": 6907
    }
}