{
    "1": {
        "precision": 0.011299435028248588,
        "recall": 0.09523809523809523,
        "f1-score": 0.0202020202020202,
        "support": 21
    },
    "2": {
        "precision": 0.15546558704453442,
        "recall": 0.22170900692840648,
        "f1-score": 0.18277010947168015,
        "support": 866
    },
    "3": {
        "precision": 0.8786169244767971,
        "recall": 0.8019933554817276,
        "f1-score": 0.8385584020842379,
        "support": 6020
    },
    "accuracy": 0.7270884609816128,
    "macro avg": {
        "precision": 0.34846064884986006,
        "recall": 0.3729801525494098,
        "f1-score": 0.34717684391931275,
        "support": 6907
    },
    "weighted avg": {
        "precision": 0.7853111874716199,
        "recall": 0.7270884609816128,
        "f1-score": 0.7538475080025814,
        "support": 6907
    }
}