{
    "1": {
        "precision": 0.9985035273997007,
        "recall": 1.0,
        "f1-score": 0.9992512034230701,
        "support": 14012
    },
    "2": {
        "precision": 0.9912162640787703,
        "recall": 0.9986440194119326,
        "f1-score": 0.9949162785737139,
        "support": 14012
    },
    "3": {
        "precision": 0.9996399251044217,
        "recall": 0.9906508706822723,
        "f1-score": 0.9951250985733744,
        "support": 14012
    },
    "accuracy": 0.9964316300314017,
    "macro avg": {
        "precision": 0.9964532388609643,
        "recall": 0.9964316300314016,
        "f1-score": 0.9964308601900527,
        "support": 42036
    },
    "weighted avg": {
        "precision": 0.9964532388609642,
        "recall": 0.9964316300314017,
        "f1-score": 0.9964308601900529,
        "support": 42036
    }
}