{
    "1": {
        "precision": 0.9130434782608695,
        "recall": 0.984375,
        "f1-score": 0.9473684210526315,
        "support": 64
    },
    "2": {
        "precision": 0.9709331973482916,
        "recall": 0.9870399170554691,
        "f1-score": 0.9789203084832906,
        "support": 1929
    },
    "3": {
        "precision": 0.9982826475849732,
        "recall": 0.99564658863831,
        "f1-score": 0.996962875620824,
        "support": 14012
    },
    "accuracy": 0.99456419868791,
    "macro avg": {
        "precision": 0.9607531077313781,
        "recall": 0.9890205018979263,
        "f1-score": 0.9744172017189153,
        "support": 16005
    },
    "weighted avg": {
        "precision": 0.9946455094191937,
        "recall": 0.99456419868791,
        "f1-score": 0.9945899823311853,
        "support": 16005
    }
}