{
    "1": {
        "precision": 0.3770869314910766,
        "recall": 0.14014692247343272,
        "f1-score": 0.204346921797005,
        "support": 14021
    },
    "2": {
        "precision": 0.516728624535316,
        "recall": 0.009913700877255545,
        "f1-score": 0.019454163750874737,
        "support": 14021
    },
    "3": {
        "precision": 0.3373424814804691,
        "recall": 0.8801797304043935,
        "f1-score": 0.487748004110347,
        "support": 14021
    },
    "accuracy": 0.34341345125169387,
    "macro avg": {
        "precision": 0.4103860125022872,
        "recall": 0.3434134512516939,
        "f1-score": 0.23718302988607562,
        "support": 42063
    },
    "weighted avg": {
        "precision": 0.4103860125022873,
        "recall": 0.34341345125169387,
        "f1-score": 0.2371830298860756,
        "support": 42063
    }
}