{
    "1": {
        "precision": 0.002962962962962963,
        "recall": 0.09523809523809523,
        "f1-score": 0.005747126436781609,
        "support": 21
    },
    "2": {
        "precision": 0.13714285714285715,
        "recall": 0.027554535017221583,
        "f1-score": 0.045889101338432124,
        "support": 871
    },
    "3": {
        "precision": 0.870547493403694,
        "recall": 0.876619063434075,
        "f1-score": 0.8735727287770975,
        "support": 6022
    },
    "accuracy": 0.7672837720566965,
    "macro avg": {
        "precision": 0.33688443783650474,
        "recall": 0.33313723122979727,
        "f1-score": 0.30840298551743706,
        "support": 6914
    },
    "weighted avg": {
        "precision": 0.7755207775630165,
        "recall": 0.7672837720566965,
        "f1-score": 0.7666683641331542,
        "support": 6914
    }
}