{
    "1": {
        "precision": 0.3975452465154982,
        "recall": 0.1362955566650025,
        "f1-score": 0.20299553855959213,
        "support": 14021
    },
    "2": {
        "precision": 0.5846645367412141,
        "recall": 0.013051850795235718,
        "f1-score": 0.025533696107157805,
        "support": 14021
    },
    "3": {
        "precision": 0.33873805592399103,
        "recall": 0.892518365309179,
        "f1-score": 0.49109175103994984,
        "support": 14021
    },
    "accuracy": 0.3472885909231391,
    "macro avg": {
        "precision": 0.44031594639356775,
        "recall": 0.34728859092313913,
        "f1-score": 0.23987366190223325,
        "support": 42063
    },
    "weighted avg": {
        "precision": 0.4403159463935678,
        "recall": 0.3472885909231391,
        "f1-score": 0.23987366190223325,
        "support": 42063
    }
}