{
    "1": {
        "precision": 0.0023584905660377358,
        "recall": 0.09523809523809523,
        "f1-score": 0.004602991944764097,
        "support": 21
    },
    "2": {
        "precision": 0.13714285714285715,
        "recall": 0.027554535017221583,
        "f1-score": 0.045889101338432124,
        "support": 871
    },
    "3": {
        "precision": 0.8708198947547106,
        "recall": 0.851876453005646,
        "f1-score": 0.861244019138756,
        "support": 6022
    },
    "accuracy": 0.7457332947642464,
    "macro avg": {
        "precision": 0.3367737474878685,
        "recall": 0.32488969442032095,
        "f1-score": 0.3039120374739841,
        "support": 6914
    },
    "weighted avg": {
        "precision": 0.7757561994628555,
        "recall": 0.7457332947642464,
        "f1-score": 0.7559267505568706,
        "support": 6914
    }
}