{
    "1": {
        "precision": 0.9982858367259482,
        "recall": 0.9968618500820198,
        "f1-score": 0.9975733352365997,
        "support": 14021
    },
    "2": {
        "precision": 0.9598597328956204,
        "recall": 0.9175522430639754,
        "f1-score": 0.9382292882147025,
        "support": 14021
    },
    "3": {
        "precision": 0.9186847670373149,
        "recall": 0.9604878396690678,
        "f1-score": 0.9391213389121339,
        "support": 14021
    },
    "accuracy": 0.9583006442716877,
    "macro avg": {
        "precision": 0.9589434455529612,
        "recall": 0.9583006442716876,
        "f1-score": 0.9583079874544788,
        "support": 42063
    },
    "weighted avg": {
        "precision": 0.9589434455529611,
        "recall": 0.9583006442716877,
        "f1-score": 0.9583079874544788,
        "support": 42063
    }
}