{
    "1": {
        "precision": 0.1111111111111111,
        "recall": 0.047619047619047616,
        "f1-score": 0.06666666666666667,
        "support": 21
    },
    "2": {
        "precision": 0.16539440203562342,
        "recall": 0.07462686567164178,
        "f1-score": 0.10284810126582278,
        "support": 871
    },
    "3": {
        "precision": 0.8740786240786241,
        "recall": 0.9452009299236134,
        "f1-score": 0.9082495611935536,
        "support": 6022
    },
    "accuracy": 0.8328030083887764,
    "macro avg": {
        "precision": 0.3835280457417862,
        "recall": 0.35581561440476756,
        "f1-score": 0.3592547763753477,
        "support": 6914
    },
    "weighted avg": {
        "precision": 0.782483848959768,
        "recall": 0.8328030083887764,
        "f1-score": 0.8042319285088387,
        "support": 6914
    }
}