{
    "1": {
        "precision": 0.016666666666666666,
        "recall": 0.047619047619047616,
        "f1-score": 0.024691358024691357,
        "support": 21
    },
    "2": {
        "precision": 0.13736263736263737,
        "recall": 0.25832376578645233,
        "f1-score": 0.17935432443204466,
        "support": 871
    },
    "3": {
        "precision": 0.8759585889570553,
        "recall": 0.7587180338757887,
        "f1-score": 0.813134009610251,
        "support": 6022
    },
    "accuracy": 0.6935203934046862,
    "macro avg": {
        "precision": 0.3433292976621198,
        "recall": 0.3548869490937629,
        "f1-score": 0.3390598973556623,
        "support": 6914
    },
    "weighted avg": {
        "precision": 0.7803030777903158,
        "recall": 0.6935203934046862,
        "f1-score": 0.7308980533658896,
        "support": 6914
    }
}