{
    "1": {
        "precision": 0.5714285714285714,
        "recall": 0.12307692307692308,
        "f1-score": 0.20253164556962025,
        "support": 65
    },
    "2": {
        "precision": 0.7002762430939227,
        "recall": 0.2610710607621009,
        "f1-score": 0.3803450862715678,
        "support": 1942
    },
    "3": {
        "precision": 0.9027468933943754,
        "recall": 0.9844518935881892,
        "f1-score": 0.9418307120193784,
        "support": 14021
    },
    "accuracy": 0.8933117045170951,
    "macro avg": {
        "precision": 0.7248172359722899,
        "recall": 0.4561999591424044,
        "f1-score": 0.5082358146201887,
        "support": 16028
    },
    "weighted avg": {
        "precision": 0.8768713197849883,
        "recall": 0.8933117045170951,
        "f1-score": 0.8708012932196851,
        "support": 16028
    }
}