{
    "1": {
        "precision": 0.03571428571428571,
        "recall": 0.047619047619047616,
        "f1-score": 0.04081632653061224,
        "support": 21
    },
    "2": {
        "precision": 0.15971223021582734,
        "recall": 0.12743972445464982,
        "f1-score": 0.1417624521072797,
        "support": 871
    },
    "3": {
        "precision": 0.8756259085769665,
        "recall": 0.9001992693457324,
        "f1-score": 0.8877425693932695,
        "support": 6022
    },
    "accuracy": 0.8002603413364189,
    "macro avg": {
        "precision": 0.3570174748356932,
        "recall": 0.3584193471398099,
        "f1-score": 0.3567737826770538,
        "support": 6914
    },
    "weighted avg": {
        "precision": 0.7828866898999823,
        "recall": 0.8002603413364189,
        "f1-score": 0.7911943869726428,
        "support": 6914
    }
}