{
    "1": {
        "precision": 0.9828263002944063,
        "recall": 1.0,
        "f1-score": 0.9913387775303143,
        "support": 14021
    },
    "2": {
        "precision": 0.8074650441701281,
        "recall": 0.9843805719991442,
        "f1-score": 0.887189046731375,
        "support": 14021
    },
    "3": {
        "precision": 0.9913116591928252,
        "recall": 0.7567933813565366,
        "f1-score": 0.8583215369059656,
        "support": 14021
    },
    "accuracy": 0.9137246511185603,
    "macro avg": {
        "precision": 0.92720100121912,
        "recall": 0.9137246511185603,
        "f1-score": 0.9122831203892182,
        "support": 42063
    },
    "weighted avg": {
        "precision": 0.9272010012191199,
        "recall": 0.9137246511185603,
        "f1-score": 0.9122831203892183,
        "support": 42063
    }
}