{
    "1": {
        "precision": 0.5579689861725354,
        "recall": 0.7113188695403939,
        "f1-score": 0.6253803921568628,
        "support": 14012
    },
    "2": {
        "precision": 0.47731950903407794,
        "recall": 0.4468312874678847,
        "f1-score": 0.4615724870065244,
        "support": 14012
    },
    "3": {
        "precision": 0.4913169319826339,
        "recall": 0.3876677133885241,
        "f1-score": 0.43338120312749323,
        "support": 14012
    },
    "accuracy": 0.5152726234656009,
    "macro avg": {
        "precision": 0.5088684757297491,
        "recall": 0.5152726234656009,
        "f1-score": 0.5067780274302934,
        "support": 42036
    },
    "weighted avg": {
        "precision": 0.5088684757297491,
        "recall": 0.5152726234656009,
        "f1-score": 0.5067780274302935,
        "support": 42036
    }
}