{
    "1": {
        "precision": 0.0024405125076266015,
        "recall": 0.19047619047619047,
        "f1-score": 0.0048192771084337345,
        "support": 21
    },
    "2": {
        "precision": 0.1257005604483587,
        "recall": 0.3625866050808314,
        "f1-score": 0.18668252080856124,
        "support": 866
    },
    "3": {
        "precision": 0.8722021660649819,
        "recall": 0.40132890365448504,
        "f1-score": 0.5497155858930602,
        "support": 6020
    },
    "accuracy": 0.3958303170696395,
    "macro avg": {
        "precision": 0.3334477463403224,
        "recall": 0.31813056640383564,
        "f1-score": 0.2470724612700184,
        "support": 6907
    },
    "weighted avg": {
        "precision": 0.7759613400640119,
        "recall": 0.3958303170696395,
        "f1-score": 0.5025417829615917,
        "support": 6907
    }
}