{
    "1": {
        "precision": 0.6824801519653207,
        "recall": 1.0,
        "f1-score": 0.8112786961178821,
        "support": 14012
    },
    "2": {
        "precision": 0.5742166517457475,
        "recall": 0.4577504995717956,
        "f1-score": 0.5094114843936145,
        "support": 14012
    },
    "3": {
        "precision": 0.576003870343493,
        "recall": 0.42485012846131887,
        "f1-score": 0.48901302008460995,
        "support": 14012
    },
    "accuracy": 0.6275335426777048,
    "macro avg": {
        "precision": 0.6109002246848537,
        "recall": 0.6275335426777048,
        "f1-score": 0.6032344001987021,
        "support": 42036
    },
    "weighted avg": {
        "precision": 0.6109002246848538,
        "recall": 0.6275335426777048,
        "f1-score": 0.6032344001987021,
        "support": 42036
    }
}