{
    "1": {
        "precision": 0.0024642681123706258,
        "recall": 0.23809523809523808,
        "f1-score": 0.004878048780487805,
        "support": 21
    },
    "2": {
        "precision": 0.1277219430485762,
        "recall": 0.35219399538106233,
        "f1-score": 0.1874615857406269,
        "support": 866
    },
    "3": {
        "precision": 0.8746987951807229,
        "recall": 0.3617940199335548,
        "f1-score": 0.5118683901292597,
        "support": 6020
    },
    "accuracy": 0.3602142753728102,
    "macro avg": {
        "precision": 0.33496166878055655,
        "recall": 0.3173610844699517,
        "f1-score": 0.23473600821679144,
        "support": 6907
    },
    "weighted avg": {
        "precision": 0.7783908642389429,
        "recall": 0.3602142753728102,
        "f1-score": 0.4696527987337363,
        "support": 6907
    }
}