{
    "1": {
        "precision": 1.0,
        "recall": 1.0,
        "f1-score": 1.0,
        "support": 14012
    },
    "2": {
        "precision": 0.9995006776517583,
        "recall": 1.0,
        "f1-score": 0.9997502764796119,
        "support": 14012
    },
    "3": {
        "precision": 1.0,
        "recall": 0.9995004282043962,
        "f1-score": 0.9997501516936146,
        "support": 14012
    },
    "accuracy": 0.9998334760681321,
    "macro avg": {
        "precision": 0.9998335592172527,
        "recall": 0.9998334760681321,
        "f1-score": 0.9998334760577422,
        "support": 42036
    },
    "weighted avg": {
        "precision": 0.9998335592172528,
        "recall": 0.9998334760681321,
        "f1-score": 0.9998334760577422,
        "support": 42036
    }
}