{
    "1": {
        "precision": 0.0,
        "recall": 0.0,
        "f1-score": 0.0,
        "support": 21
    },
    "2": {
        "precision": 0.16834170854271358,
        "recall": 0.15473441108545036,
        "f1-score": 0.16125150421179302,
        "support": 866
    },
    "3": {
        "precision": 0.87807679684936,
        "recall": 0.8888704318936878,
        "f1-score": 0.8834406471850752,
        "support": 6020
    },
    "accuracy": 0.7941219053134502,
    "macro avg": {
        "precision": 0.3488061684640245,
        "recall": 0.347868280993046,
        "f1-score": 0.3482307171322894,
        "support": 6907
    },
    "weighted avg": {
        "precision": 0.7864204772884229,
        "recall": 0.7941219053134502,
        "f1-score": 0.7902065294196562,
        "support": 6907
    }
}