{
    "1": {
        "precision": 1.0,
        "recall": 1.0,
        "f1-score": 1.0,
        "support": 14012
    },
    "2": {
        "precision": 1.0,
        "recall": 0.9995717956037682,
        "f1-score": 0.9997858519523164,
        "support": 14012
    },
    "3": {
        "precision": 0.9995719788842916,
        "recall": 1.0,
        "f1-score": 0.999785943631823,
        "support": 14012
    },
    "accuracy": 0.9998572652012561,
    "macro avg": {
        "precision": 0.9998573262947638,
        "recall": 0.9998572652012561,
        "f1-score": 0.9998572651947132,
        "support": 42036
    },
    "weighted avg": {
        "precision": 0.9998573262947639,
        "recall": 0.9998572652012561,
        "f1-score": 0.9998572651947132,
        "support": 42036
    }
}