{
    "1": {
        "precision": 0.0,
        "recall": 0.0,
        "f1-score": 0.0,
        "support": 21
    },
    "2": {
        "precision": 0.19230769230769232,
        "recall": 0.10392609699769054,
        "f1-score": 0.13493253373313344,
        "support": 866
    },
    "3": {
        "precision": 0.8768273716951789,
        "recall": 0.9365448504983389,
        "f1-score": 0.90570281124498,
        "support": 6020
    },
    "accuracy": 0.8293036050383669,
    "macro avg": {
        "precision": 0.35637835466762374,
        "recall": 0.34682364916534314,
        "f1-score": 0.3468784483260378,
        "support": 6907
    },
    "weighted avg": {
        "precision": 0.7883363600902619,
        "recall": 0.8293036050383669,
        "f1-score": 0.8063099026940312,
        "support": 6907
    }
}