{
    "1": {
        "precision": 0.0,
        "recall": 0.0,
        "f1-score": 0.0,
        "support": 21
    },
    "2": {
        "precision": 0.1962025316455696,
        "recall": 0.03579676674364896,
        "f1-score": 0.060546875,
        "support": 866
    },
    "3": {
        "precision": 0.8731287979842893,
        "recall": 0.9785714285714285,
        "f1-score": 0.9228479674159943,
        "support": 6020
    },
    "accuracy": 0.8573910525553786,
    "macro avg": {
        "precision": 0.35644377654328635,
        "recall": 0.33812273177169255,
        "f1-score": 0.3277982808053314,
        "support": 6907
    },
    "weighted avg": {
        "precision": 0.7856010940018077,
        "recall": 0.8573910525553786,
        "f1-score": 0.8119267927601398,
        "support": 6907
    }
}