{
    "1": {
        "precision": 0.33343645146705375,
        "recall": 1.0,
        "f1-score": 0.5001159989292406,
        "support": 14012
    },
    "2": {
        "precision": 0.6923076923076923,
        "recall": 0.000642306594347702,
        "f1-score": 0.0012834224598930481,
        "support": 14012
    },
    "3": {
        "precision": 0.0,
        "recall": 0.0,
        "f1-score": 0.0,
        "support": 14012
    },
    "accuracy": 0.3335474355314492,
    "macro avg": {
        "precision": 0.341914714591582,
        "recall": 0.3335474355314492,
        "f1-score": 0.1671331404630446,
        "support": 42036
    },
    "weighted avg": {
        "precision": 0.341914714591582,
        "recall": 0.3335474355314492,
        "f1-score": 0.16713314046304456,
        "support": 42036
    }
}