{
    "1": {
        "precision": 0.33341264931233044,
        "recall": 1.0,
        "f1-score": 0.5000892251686355,
        "support": 14012
    },
    "2": {
        "precision": 1.0,
        "recall": 0.00035683699685983445,
        "f1-score": 0.0007134194192765928,
        "support": 14012
    },
    "3": {
        "precision": 0.8,
        "recall": 0.00028546959748786756,
        "f1-score": 0.0005707355354212742,
        "support": 14012
    },
    "accuracy": 0.3335474355314492,
    "macro avg": {
        "precision": 0.7111375497707768,
        "recall": 0.3335474355314492,
        "f1-score": 0.16712446004111114,
        "support": 42036
    },
    "weighted avg": {
        "precision": 0.7111375497707768,
        "recall": 0.3335474355314492,
        "f1-score": 0.16712446004111112,
        "support": 42036
    }
}