{
    "1": {
        "precision": 0.02857142857142857,
        "recall": 0.047619047619047616,
        "f1-score": 0.03571428571428571,
        "support": 21
    },
    "2": {
        "precision": 0.1623529411764706,
        "recall": 0.15953757225433526,
        "f1-score": 0.16093294460641397,
        "support": 865
    },
    "3": {
        "precision": 0.8779920212765957,
        "recall": 0.8781379883624273,
        "f1-score": 0.8780649987532207,
        "support": 6015
    },
    "accuracy": 0.7855383277785828,
    "macro avg": {
        "precision": 0.35630546367483157,
        "recall": 0.3617648694119367,
        "f1-score": 0.3582374096913068,
        "support": 6901
    },
    "weighted avg": {
        "precision": 0.7857060284156456,
        "recall": 0.7855383277785828,
        "f1-score": 0.7856133842320201,
        "support": 6901
    }
}