{
    "1": {
        "precision": 0.03571428571428571,
        "recall": 0.047619047619047616,
        "f1-score": 0.04081632653061224,
        "support": 21
    },
    "2": {
        "precision": 0.1597560975609756,
        "recall": 0.15144508670520232,
        "f1-score": 0.15548961424332344,
        "support": 865
    },
    "3": {
        "precision": 0.8774161572773831,
        "recall": 0.882959268495428,
        "f1-score": 0.8801789857474313,
        "support": 6015
    },
    "accuracy": 0.7887262715548471,
    "macro avg": {
        "precision": 0.3576288468508815,
        "recall": 0.36067446760655936,
        "f1-score": 0.35882830884045563,
        "support": 6901
    },
    "weighted avg": {
        "precision": 0.7849003347940448,
        "recall": 0.7887262715548471,
        "f1-score": 0.7867891984420253,
        "support": 6901
    }
}