{
    "1": {
        "precision": 0.015384615384615385,
        "recall": 0.047619047619047616,
        "f1-score": 0.023255813953488372,
        "support": 21
    },
    "2": {
        "precision": 0.14038128249566725,
        "recall": 0.2809248554913295,
        "f1-score": 0.187211093990755,
        "support": 865
    },
    "3": {
        "precision": 0.8779627815866797,
        "recall": 0.7451371571072319,
        "f1-score": 0.806115107913669,
        "support": 6015
    },
    "accuracy": 0.6848282857556875,
    "macro avg": {
        "precision": 0.3445762264889875,
        "recall": 0.357893686739203,
        "f1-score": 0.33886067195263747,
        "support": 6901
    },
    "weighted avg": {
        "precision": 0.7828863958159263,
        "recall": 0.6848282857556875,
        "f1-score": 0.7261568385010501,
        "support": 6901
    }
}