{
    "1": {
        "precision": 0.47619047619047616,
        "recall": 0.3125,
        "f1-score": 0.37735849056603776,
        "support": 64
    },
    "2": {
        "precision": 0.6029850746268657,
        "recall": 0.4188698807672369,
        "f1-score": 0.4943407769960233,
        "support": 1929
    },
    "3": {
        "precision": 0.9208096833755044,
        "recall": 0.9609620325435341,
        "f1-score": 0.9404574821023224,
        "support": 14012
    },
    "accuracy": 0.8930334270540456,
    "macro avg": {
        "precision": 0.6666617447309487,
        "recall": 0.5641106377702569,
        "f1-score": 0.6040522498881278,
        "support": 16005
    },
    "weighted avg": {
        "precision": 0.8807260033045287,
        "recall": 0.8930334270540456,
        "f1-score": 0.8844376470752451,
        "support": 16005
    }
}