{
    "1": {
        "precision": 0.982953349701859,
        "recall": 1.0,
        "f1-score": 0.991403403261754,
        "support": 14012
    },
    "2": {
        "precision": 0.8052288342843834,
        "recall": 0.98693976591493,
        "f1-score": 0.8868723145000962,
        "support": 14012
    },
    "3": {
        "precision": 0.994249080795701,
        "recall": 0.7526405937767627,
        "f1-score": 0.8567366668020635,
        "support": 14012
    },
    "accuracy": 0.9131934532305643,
    "macro avg": {
        "precision": 0.9274770882606478,
        "recall": 0.9131934532305643,
        "f1-score": 0.911670794854638,
        "support": 42036
    },
    "weighted avg": {
        "precision": 0.9274770882606479,
        "recall": 0.9131934532305643,
        "f1-score": 0.9116707948546379,
        "support": 42036
    }
}