{
    "1": {
        "precision": 0.9984274481772695,
        "recall": 0.9968598344276335,
        "f1-score": 0.9976430254981788,
        "support": 14012
    },
    "2": {
        "precision": 0.9537623324988956,
        "recall": 0.924493291464459,
        "f1-score": 0.9388997608175691,
        "support": 14012
    },
    "3": {
        "precision": 0.9242948008849557,
        "recall": 0.9541107622038253,
        "f1-score": 0.9389661469307486,
        "support": 14012
    },
    "accuracy": 0.9584879626986392,
    "macro avg": {
        "precision": 0.958828193853707,
        "recall": 0.9584879626986393,
        "f1-score": 0.9585029777488322,
        "support": 42036
    },
    "weighted avg": {
        "precision": 0.9588281938537069,
        "recall": 0.9584879626986392,
        "f1-score": 0.9585029777488322,
        "support": 42036
    }
}