{
    "1": {
        "precision": 0.6066663731231562,
        "recall": 0.982668853862064,
        "f1-score": 0.7501905695306545,
        "support": 14021
    },
    "2": {
        "precision": 0.5573199467267698,
        "recall": 0.38798944440482136,
        "f1-score": 0.45748885711882936,
        "support": 14021
    },
    "3": {
        "precision": 0.549577729121051,
        "recall": 0.3759360958562157,
        "f1-score": 0.4464678976791462,
        "support": 14021
    },
    "accuracy": 0.582198131374367,
    "macro avg": {
        "precision": 0.571188016323659,
        "recall": 0.582198131374367,
        "f1-score": 0.5513824414428767,
        "support": 42063
    },
    "weighted avg": {
        "precision": 0.571188016323659,
        "recall": 0.582198131374367,
        "f1-score": 0.5513824414428766,
        "support": 42063
    }
}