{
    "1": {
        "precision": 0.002677376171352075,
        "recall": 0.2857142857142857,
        "f1-score": 0.005305039787798408,
        "support": 21
    },
    "2": {
        "precision": 0.1356537260151718,
        "recall": 0.34902411021814006,
        "f1-score": 0.19537275064267354,
        "support": 871
    },
    "3": {
        "precision": 0.8787006578947368,
        "recall": 0.3548654931916307,
        "f1-score": 0.5055594984622663,
        "support": 6022
    },
    "accuracy": 0.3539195834538617,
    "macro avg": {
        "precision": 0.3390105866937536,
        "recall": 0.32986796304135213,
        "f1-score": 0.23541242963091277,
        "support": 6914
    },
    "weighted avg": {
        "precision": 0.782433610370396,
        "recall": 0.3539195834538617,
        "f1-score": 0.4649638951959908,
        "support": 6914
    }
}