{
    "1": {
        "precision": 0.5697415145759352,
        "recall": 0.9840952856429641,
        "f1-score": 0.7216715918303303,
        "support": 14021
    },
    "2": {
        "precision": 0.5548204921339249,
        "recall": 0.490478567862492,
        "f1-score": 0.5206692913385826,
        "support": 14021
    },
    "3": {
        "precision": 0.6124770642201834,
        "recall": 0.23807146423222308,
        "f1-score": 0.3428688819269683,
        "support": 14021
    },
    "accuracy": 0.5708817725792263,
    "macro avg": {
        "precision": 0.579013023643348,
        "recall": 0.5708817725792263,
        "f1-score": 0.5284032550319604,
        "support": 42063
    },
    "weighted avg": {
        "precision": 0.579013023643348,
        "recall": 0.5708817725792263,
        "f1-score": 0.5284032550319604,
        "support": 42063
    }
}