{
    "1": {
        "precision": 0.00274294670846395,
        "recall": 0.3333333333333333,
        "f1-score": 0.005441119315973572,
        "support": 21
    },
    "2": {
        "precision": 0.13137614678899082,
        "recall": 0.41102181400688864,
        "f1-score": 0.19911012235817577,
        "support": 871
    },
    "3": {
        "precision": 0.8778252901649358,
        "recall": 0.23862504151444702,
        "f1-score": 0.3752448100274187,
        "support": 6022
    },
    "accuracy": 0.2606306045704368,
    "macro avg": {
        "precision": 0.33731479455413016,
        "recall": 0.3276600629515563,
        "f1-score": 0.19326535056718938,
        "support": 6914
    },
    "weighted avg": {
        "precision": 0.7811325026189374,
        "recall": 0.2606306045704368,
        "f1-score": 0.35193280677823574,
        "support": 6914
    }
}