{
    "1": {
        "precision": 0.0,
        "recall": 0.0,
        "f1-score": 0.0,
        "support": 21
    },
    "2": {
        "precision": 0.23030303030303031,
        "recall": 0.04387990762124711,
        "f1-score": 0.0737148399612027,
        "support": 866
    },
    "3": {
        "precision": 0.8743136963941237,
        "recall": 0.9787375415282392,
        "f1-score": 0.9235833529273454,
        "support": 6020
    },
    "accuracy": 0.8585492978138121,
    "macro avg": {
        "precision": 0.36820557556571804,
        "recall": 0.3408724830498288,
        "f1-score": 0.33243273096284937,
        "support": 6907
    },
    "weighted avg": {
        "precision": 0.7909093494331908,
        "recall": 0.8585492978138121,
        "f1-score": 0.8142187398333606,
        "support": 6907
    }
}