{
    "1": {
        "precision": 0.0,
        "recall": 0.0,
        "f1-score": 0.0,
        "support": 21
    },
    "2": {
        "precision": 0.19419642857142858,
        "recall": 0.10046189376443418,
        "f1-score": 0.1324200913242009,
        "support": 866
    },
    "3": {
        "precision": 0.8767441860465116,
        "recall": 0.9393687707641196,
        "f1-score": 0.9069767441860466,
        "support": 6020
    },
    "accuracy": 0.8313305342406254,
    "macro avg": {
        "precision": 0.3569802048726467,
        "recall": 0.3466102215095179,
        "f1-score": 0.3464656118367491,
        "support": 6907
    },
    "weighted avg": {
        "precision": 0.7885006670251711,
        "recall": 0.8313305342406254,
        "f1-score": 0.8071052264495089,
        "support": 6907
    }
}