{
    "1": {
        "precision": 1.0,
        "recall": 1.0,
        "f1-score": 1.0,
        "support": 14012
    },
    "2": {
        "precision": 0.9998572346348776,
        "recall": 0.9996431630031402,
        "f1-score": 0.9997501873594804,
        "support": 14012
    },
    "3": {
        "precision": 0.9996432393863718,
        "recall": 0.9998572652012561,
        "f1-score": 0.9997502408391907,
        "support": 14012
    },
    "accuracy": 0.9998334760681321,
    "macro avg": {
        "precision": 0.9998334913404165,
        "recall": 0.9998334760681321,
        "f1-score": 0.9998334760662239,
        "support": 42036
    },
    "weighted avg": {
        "precision": 0.9998334913404164,
        "recall": 0.9998334760681321,
        "f1-score": 0.9998334760662236,
        "support": 42036
    }
}