{
    "1": {
        "precision": 1.0,
        "recall": 1.0,
        "f1-score": 1.0,
        "support": 64
    },
    "2": {
        "precision": 0.9994805194805195,
        "recall": 0.9974079834110938,
        "f1-score": 0.9984431759211209,
        "support": 1929
    },
    "3": {
        "precision": 0.9996432648401826,
        "recall": 0.999928632600628,
        "f1-score": 0.9997859283573569,
        "support": 14012
    },
    "accuracy": 0.9996251171508903,
    "macro avg": {
        "precision": 0.9997079281069007,
        "recall": 0.9991122053372407,
        "f1-score": 0.9994097014261593,
        "support": 16005
    },
    "weighted avg": {
        "precision": 0.9996250764772608,
        "recall": 0.9996251171508903,
        "f1-score": 0.9996249493592707,
        "support": 16005
    }
}