{
    "1": {
        "precision": 0.0,
        "recall": 0.0,
        "f1-score": 0.0,
        "support": 21
    },
    "2": {
        "precision": 0.18242343541944075,
        "recall": 0.1581986143187067,
        "f1-score": 0.16944959802102658,
        "support": 866
    },
    "3": {
        "precision": 0.8790940198794199,
        "recall": 0.8961794019933554,
        "f1-score": 0.8875544953524719,
        "support": 6020
    },
    "accuracy": 0.8009265962067468,
    "macro avg": {
        "precision": 0.3538391517662869,
        "recall": 0.3514593387706874,
        "f1-score": 0.35233469779116616,
        "support": 6907
    },
    "weighted avg": {
        "precision": 0.7890726356952865,
        "recall": 0.8009265962067468,
        "f1-score": 0.794819952788199,
        "support": 6907
    }
}