{
    "1": {
        "precision": 0.9830508474576272,
        "recall": 0.90625,
        "f1-score": 0.943089430894309,
        "support": 64
    },
    "2": {
        "precision": 0.9946409431939979,
        "recall": 0.96215655780197,
        "f1-score": 0.9781291172595521,
        "support": 1929
    },
    "3": {
        "precision": 0.99453125,
        "recall": 0.9993576934056523,
        "f1-score": 0.9969386302150077,
        "support": 14012
    },
    "accuracy": 0.9945017182130584,
    "macro avg": {
        "precision": 0.9907410135505418,
        "recall": 0.9559214170692073,
        "f1-score": 0.9727190594562897,
        "support": 16005
    },
    "weighted avg": {
        "precision": 0.9944985634900662,
        "recall": 0.9945017182130584,
        "f1-score": 0.9944562872442111,
        "support": 16005
    }
}