{
    "1": {
        "precision": 0.0,
        "recall": 0.0,
        "f1-score": 0.0,
        "support": 21
    },
    "2": {
        "precision": 0.12121212121212122,
        "recall": 0.013856812933025405,
        "f1-score": 0.024870466321243526,
        "support": 866
    },
    "3": {
        "precision": 0.871436967381722,
        "recall": 0.9852159468438538,
        "f1-score": 0.9248401684079215,
        "support": 6020
    },
    "accuracy": 0.8604314463587664,
    "macro avg": {
        "precision": 0.33088302953128107,
        "recall": 0.33302425325895973,
        "f1-score": 0.31657021157638837,
        "support": 6907
    },
    "weighted avg": {
        "precision": 0.7747242276831713,
        "recall": 0.8604314463587664,
        "f1-score": 0.8091900445417526,
        "support": 6907
    }
}