{
    "1": {
        "precision": 0.009009009009009009,
        "recall": 0.047619047619047616,
        "f1-score": 0.01515151515151515,
        "support": 21
    },
    "2": {
        "precision": 0.14910858995137763,
        "recall": 0.10623556581986143,
        "f1-score": 0.12407282535401214,
        "support": 866
    },
    "3": {
        "precision": 0.8737659815504127,
        "recall": 0.8968438538205981,
        "f1-score": 0.8851545208623658,
        "support": 6020
    },
    "accuracy": 0.7951353699145794,
    "macro avg": {
        "precision": 0.34396119350359977,
        "recall": 0.3502328224198357,
        "f1-score": 0.34145962045596434,
        "support": 6907
    },
    "weighted avg": {
        "precision": 0.7802792003794075,
        "recall": 0.7951353699145794,
        "f1-score": 0.7870849086674676,
        "support": 6907
    }
}