{
    "1": {
        "precision": 0.9985035273997007,
        "recall": 1.0,
        "f1-score": 0.9992512034230701,
        "support": 14012
    },
    "2": {
        "precision": 0.9914947905592175,
        "recall": 0.9983585498144447,
        "f1-score": 0.9949148323317094,
        "support": 14012
    },
    "3": {
        "precision": 0.9993522383762775,
        "recall": 0.9909363402797602,
        "f1-score": 0.9951264960940299,
        "support": 14012
    },
    "accuracy": 0.9964316300314017,
    "macro avg": {
        "precision": 0.9964501854450653,
        "recall": 0.9964316300314016,
        "f1-score": 0.9964308439496031,
        "support": 42036
    },
    "weighted avg": {
        "precision": 0.9964501854450653,
        "recall": 0.9964316300314017,
        "f1-score": 0.9964308439496031,
        "support": 42036
    }
}