{
    "1": {
        "precision": 0.9997145507742811,
        "recall": 0.9997858978018841,
        "f1-score": 0.999750223015165,
        "support": 14012
    },
    "2": {
        "precision": 0.9990685010031528,
        "recall": 0.9950756494433343,
        "f1-score": 0.9970680778032036,
        "support": 14012
    },
    "3": {
        "precision": 0.9950238146015498,
        "recall": 0.9989294890094205,
        "f1-score": 0.9969728266676163,
        "support": 14012
    },
    "accuracy": 0.9979303454182129,
    "macro avg": {
        "precision": 0.9979356221263279,
        "recall": 0.9979303454182129,
        "f1-score": 0.9979303758286617,
        "support": 42036
    },
    "weighted avg": {
        "precision": 0.9979356221263278,
        "recall": 0.9979303454182129,
        "f1-score": 0.9979303758286618,
        "support": 42036
    }
}