{
    "1": {
        "precision": 0.0,
        "recall": 0.0,
        "f1-score": 0.0,
        "support": 21
    },
    "2": {
        "precision": 0.12857142857142856,
        "recall": 0.05196304849884527,
        "f1-score": 0.07401315789473685,
        "support": 866
    },
    "3": {
        "precision": 0.8716618342743782,
        "recall": 0.9488372093023256,
        "f1-score": 0.9086136960152708,
        "support": 6020
    },
    "accuracy": 0.8335022441001882,
    "macro avg": {
        "precision": 0.3334110876152689,
        "recall": 0.33360008593372364,
        "f1-score": 0.3275422846366692,
        "support": 6907
    },
    "weighted avg": {
        "precision": 0.7758429273888249,
        "recall": 0.8335022441001882,
        "f1-score": 0.8012088960111151,
        "support": 6907
    }
}