{
    "1": {
        "precision": 0.015625,
        "recall": 0.047619047619047616,
        "f1-score": 0.023529411764705882,
        "support": 21
    },
    "2": {
        "precision": 0.13729016786570744,
        "recall": 0.2629161882893226,
        "f1-score": 0.18038597873178416,
        "support": 871
    },
    "3": {
        "precision": 0.8761096101891162,
        "recall": 0.7539023580205911,
        "f1-score": 0.8104248482684756,
        "support": 6022
    },
    "accuracy": 0.6899045415099797,
    "macro avg": {
        "precision": 0.3430082593516079,
        "recall": 0.3548125313096538,
        "f1-score": 0.3381134129216552,
        "support": 6914
    },
    "weighted avg": {
        "precision": 0.7804223219221709,
        "recall": 0.6899045415099797,
        "f1-score": 0.7286648454433328,
        "support": 6914
    }
}