{
    "1": {
        "precision": 0.9828263002944063,
        "recall": 1.0,
        "f1-score": 0.9913387775303143,
        "support": 14021
    },
    "2": {
        "precision": 0.8056411747601047,
        "recall": 0.9880179730404394,
        "f1-score": 0.8875576627370579,
        "support": 14021
    },
    "3": {
        "precision": 0.9960384833050367,
        "recall": 0.7531559803152414,
        "f1-score": 0.8577346383462616,
        "support": 14021
    },
    "accuracy": 0.9137246511185603,
    "macro avg": {
        "precision": 0.928168652786516,
        "recall": 0.9137246511185603,
        "f1-score": 0.912210359537878,
        "support": 42063
    },
    "weighted avg": {
        "precision": 0.9281686527865158,
        "recall": 0.9137246511185603,
        "f1-score": 0.9122103595378779,
        "support": 42063
    }
}