{
    "1": {
        "precision": 0.4883720930232558,
        "recall": 0.3230769230769231,
        "f1-score": 0.3888888888888889,
        "support": 65
    },
    "2": {
        "precision": 0.6070640176600441,
        "recall": 0.42481977342945415,
        "f1-score": 0.49984853074825814,
        "support": 1942
    },
    "3": {
        "precision": 0.9210994120060166,
        "recall": 0.9608444476142929,
        "f1-score": 0.9405522393269802,
        "support": 14021
    },
    "accuracy": 0.8933117045170951,
    "macro avg": {
        "precision": 0.6721785075631055,
        "recall": 0.5695803813735567,
        "f1-score": 0.609763219654709,
        "support": 16028
    },
    "weighted avg": {
        "precision": 0.8812950688843696,
        "recall": 0.8933117045170951,
        "f1-score": 0.8849180541611232,
        "support": 16028
    }
}