{
    "1": {
        "precision": 0.9979299022057249,
        "recall": 0.9970758148491549,
        "f1-score": 0.997502675704602,
        "support": 14021
    },
    "2": {
        "precision": 0.9539866008981815,
        "recall": 0.9241851508451608,
        "f1-score": 0.9388494421098392,
        "support": 14021
    },
    "3": {
        "precision": 0.9242623177389261,
        "recall": 0.9539262534769275,
        "f1-score": 0.9388600308858627,
        "support": 14021
    },
    "accuracy": 0.9583957397237477,
    "macro avg": {
        "precision": 0.9587262736142774,
        "recall": 0.9583957397237478,
        "f1-score": 0.958404049566768,
        "support": 42063
    },
    "weighted avg": {
        "precision": 0.9587262736142774,
        "recall": 0.9583957397237477,
        "f1-score": 0.958404049566768,
        "support": 42063
    }
}