{
    "1": {
        "precision": 0.020833333333333332,
        "recall": 0.047619047619047616,
        "f1-score": 0.028985507246376812,
        "support": 21
    },
    "2": {
        "precision": 0.15759637188208617,
        "recall": 0.15958668197474168,
        "f1-score": 0.15858528237307473,
        "support": 871
    },
    "3": {
        "precision": 0.8763368983957219,
        "recall": 0.8708070408502159,
        "f1-score": 0.8735632183908045,
        "support": 6022
    },
    "accuracy": 0.7787098640439688,
    "macro avg": {
        "precision": 0.35158886787038046,
        "recall": 0.35933759014800176,
        "f1-score": 0.3537113360034187,
        "support": 6914
    },
    "weighted avg": {
        "precision": 0.783194206255183,
        "recall": 0.7787098640439688,
        "f1-score": 0.7809277086706028,
        "support": 6914
    }
}