{
    "1": {
        "precision": 0.02857142857142857,
        "recall": 0.047619047619047616,
        "f1-score": 0.03571428571428571,
        "support": 21
    },
    "2": {
        "precision": 0.1573157315731573,
        "recall": 0.16417910447761194,
        "f1-score": 0.1606741573033708,
        "support": 871
    },
    "3": {
        "precision": 0.8770519262981574,
        "recall": 0.8694785785453337,
        "f1-score": 0.8732488325550366,
        "support": 6022
    },
    "accuracy": 0.7781313277408157,
    "macro avg": {
        "precision": 0.35431302881424775,
        "recall": 0.3604255768806644,
        "f1-score": 0.35654575852423104,
        "support": 6914
    },
    "weighted avg": {
        "precision": 0.783805134852144,
        "recall": 0.7781313277408157,
        "f1-score": 0.7809374689987947,
        "support": 6914
    }
}