{
    "1": {
        "precision": 0.6655583527288272,
        "recall": 1.0,
        "f1-score": 0.7992014829602166,
        "support": 14012
    },
    "2": {
        "precision": 0.5608465608465608,
        "recall": 0.4463317156722809,
        "f1-score": 0.4970790446290188,
        "support": 14012
    },
    "3": {
        "precision": 0.5632628152969894,
        "recall": 0.3952326577219526,
        "f1-score": 0.46451937594363363,
        "support": 14012
    },
    "accuracy": 0.6138547911314112,
    "macro avg": {
        "precision": 0.5965559096241259,
        "recall": 0.6138547911314111,
        "f1-score": 0.5869333011776231,
        "support": 42036
    },
    "weighted avg": {
        "precision": 0.5965559096241259,
        "recall": 0.6138547911314112,
        "f1-score": 0.586933301177623,
        "support": 42036
    }
}