{
    "1": {
        "precision": 0.0027535566773749425,
        "recall": 0.2857142857142857,
        "f1-score": 0.005454545454545454,
        "support": 21
    },
    "2": {
        "precision": 0.1398880895283773,
        "recall": 0.40415704387990764,
        "f1-score": 0.20783847980997625,
        "support": 866
    },
    "3": {
        "precision": 0.8854447439353099,
        "recall": 0.3274086378737541,
        "f1-score": 0.4780499636187242,
        "support": 6020
    },
    "accuracy": 0.33690458954683655,
    "macro avg": {
        "precision": 0.34269546338035406,
        "recall": 0.33909332248931584,
        "f1-score": 0.23044766296108196,
        "support": 6907
    },
    "weighted avg": {
        "precision": 0.7892830850893826,
        "recall": 0.33690458954683655,
        "f1-score": 0.44273395829661283,
        "support": 6907
    }
}