{
    "1": {
        "precision": 0.5312905592235201,
        "recall": 0.6719240650870683,
        "f1-score": 0.5933885860145589,
        "support": 14012
    },
    "2": {
        "precision": 0.4608156737305078,
        "recall": 0.493505566657151,
        "f1-score": 0.47660073058101865,
        "support": 14012
    },
    "3": {
        "precision": 0.47889139542378345,
        "recall": 0.31815586640022836,
        "f1-score": 0.3823163672226748,
        "support": 14012
    },
    "accuracy": 0.4945284993814825,
    "macro avg": {
        "precision": 0.49033254279260374,
        "recall": 0.4945284993814825,
        "f1-score": 0.48410189460608416,
        "support": 42036
    },
    "weighted avg": {
        "precision": 0.4903325427926038,
        "recall": 0.4945284993814825,
        "f1-score": 0.4841018946060841,
        "support": 42036
    }
}