{
    "1": {
        "precision": 0.0022484541877459247,
        "recall": 0.19047619047619047,
        "f1-score": 0.0044444444444444444,
        "support": 21
    },
    "2": {
        "precision": 0.1426242868785656,
        "recall": 0.40415704387990764,
        "f1-score": 0.2108433734939759,
        "support": 866
    },
    "3": {
        "precision": 0.8881824981301422,
        "recall": 0.3945182724252492,
        "f1-score": 0.5463538072233726,
        "support": 6020
    },
    "accuracy": 0.39510641378311856,
    "macro avg": {
        "precision": 0.3443517463988179,
        "recall": 0.3297171689271157,
        "f1-score": 0.25388054172059765,
        "support": 6907
    },
    "weighted avg": {
        "precision": 0.792010784525588,
        "recall": 0.39510641378311856,
        "f1-score": 0.5026398746581467,
        "support": 6907
    }
}