{
    "1": {
        "precision": 0.002583979328165375,
        "recall": 0.14285714285714285,
        "f1-score": 0.005076142131979696,
        "support": 21
    },
    "2": {
        "precision": 0.12508214676889376,
        "recall": 0.6601156069364161,
        "f1-score": 0.21031307550644568,
        "support": 865
    },
    "3": {
        "precision": 0.8782978723404256,
        "recall": 0.171571072319202,
        "f1-score": 0.28706536856745485,
        "support": 6015
    },
    "accuracy": 0.2327198956672946,
    "macro avg": {
        "precision": 0.3353213328124949,
        "recall": 0.32484794070425366,
        "f1-score": 0.16748486206862676,
        "support": 6901
    },
    "weighted avg": {
        "precision": 0.7812218551874575,
        "recall": 0.2327198956672946,
        "f1-score": 0.27658681368368176,
        "support": 6901
    }
}