{
    "1": {
        "precision": 0.760612311366844,
        "recall": 1.0,
        "f1-score": 0.8640315718073628,
        "support": 14012
    },
    "2": {
        "precision": 0.5353006907761073,
        "recall": 0.752141021981159,
        "f1-score": 0.625459940652819,
        "support": 14012
    },
    "3": {
        "precision": 0.6579215486500255,
        "recall": 0.18434199257779046,
        "f1-score": 0.2879919723492028,
        "support": 14012
    },
    "accuracy": 0.6454943381863165,
    "macro avg": {
        "precision": 0.6512781835976589,
        "recall": 0.6454943381863165,
        "f1-score": 0.5924944949364616,
        "support": 42036
    },
    "weighted avg": {
        "precision": 0.651278183597659,
        "recall": 0.6454943381863165,
        "f1-score": 0.5924944949364616,
        "support": 42036
    }
}