{
    "1": {
        "precision": 0.014084507042253521,
        "recall": 0.047619047619047616,
        "f1-score": 0.021739130434782608,
        "support": 21
    },
    "2": {
        "precision": 0.12474377745241581,
        "recall": 0.9849710982658959,
        "f1-score": 0.22144249512670564,
        "support": 865
    },
    "3": {
        "precision": 0.0,
        "recall": 0.0,
        "f1-score": 0.0,
        "support": 6015
    },
    "accuracy": 0.12360527459788437,
    "macro avg": {
        "precision": 0.046276094831556445,
        "recall": 0.3441967152949812,
        "f1-score": 0.08106054185382942,
        "support": 6901
    },
    "weighted avg": {
        "precision": 0.015678762808901174,
        "recall": 0.12360527459788437,
        "f1-score": 0.027822674978080105,
        "support": 6901
    }
}