{
    "1": {
        "precision": 0.0,
        "recall": 0.0,
        "f1-score": 0.0,
        "support": 64
    },
    "2": {
        "precision": 0.0,
        "recall": 0.0,
        "f1-score": 0.0,
        "support": 1929
    },
    "3": {
        "precision": 0.8754764136207435,
        "recall": 1.0,
        "f1-score": 0.9336042909018223,
        "support": 14012
    },
    "accuracy": 0.8754764136207435,
    "macro avg": {
        "precision": 0.2918254712069145,
        "recall": 0.3333333333333333,
        "f1-score": 0.31120143030060743,
        "support": 16005
    },
    "weighted avg": {
        "precision": 0.7664589508062392,
        "recall": 0.8754764136207435,
        "f1-score": 0.8173485363396648,
        "support": 16005
    }
}