{
    "1": {
        "precision": 0.9821954296929764,
        "recall": 1.0,
        "f1-score": 0.9910177523162884,
        "support": 14012
    },
    "2": {
        "precision": 0.5003961109110551,
        "recall": 0.9917213816728518,
        "f1-score": 0.6651668182470921,
        "support": 14012
    },
    "3": {
        "precision": 0.0,
        "recall": 0.0,
        "f1-score": 0.0,
        "support": 14012
    },
    "accuracy": 0.6639071272242839,
    "macro avg": {
        "precision": 0.49419718020134384,
        "recall": 0.6639071272242839,
        "f1-score": 0.5520615235211269,
        "support": 42036
    },
    "weighted avg": {
        "precision": 0.4941971802013438,
        "recall": 0.6639071272242839,
        "f1-score": 0.5520615235211268,
        "support": 42036
    }
}