{
    "1": {
        "precision": 0.0,
        "recall": 0.0,
        "f1-score": 0.0,
        "support": 21
    },
    "2": {
        "precision": 0.1259762800115707,
        "recall": 1.0,
        "f1-score": 0.22376364804110468,
        "support": 871
    },
    "3": {
        "precision": 0.0,
        "recall": 0.0,
        "f1-score": 0.0,
        "support": 6022
    },
    "accuracy": 0.1259762800115707,
    "macro avg": {
        "precision": 0.041992093337190235,
        "recall": 0.3333333333333333,
        "f1-score": 0.07458788268036823,
        "support": 6914
    },
    "weighted avg": {
        "precision": 0.015870023125553672,
        "recall": 0.1259762800115707,
        "f1-score": 0.02818891198203676,
        "support": 6914
    }
}