{
    "1": {
        "precision": 0.3350603608892065,
        "recall": 0.9369112189551813,
        "f1-score": 0.493598781794597,
        "support": 14012
    },
    "2": {
        "precision": 0.3607705779334501,
        "recall": 0.0735084213531259,
        "f1-score": 0.12213197367640956,
        "support": 14012
    },
    "3": {
        "precision": 0.0,
        "recall": 0.0,
        "f1-score": 0.0,
        "support": 14012
    },
    "accuracy": 0.3368065467694357,
    "macro avg": {
        "precision": 0.23194364627421885,
        "recall": 0.3368065467694357,
        "f1-score": 0.20524358515700217,
        "support": 42036
    },
    "weighted avg": {
        "precision": 0.23194364627421882,
        "recall": 0.3368065467694357,
        "f1-score": 0.20524358515700217,
        "support": 42036
    }
}