{
    "1": {
        "precision": 0.3403468793518167,
        "recall": 0.9593205823579789,
        "f1-score": 0.5024389332236903,
        "support": 14012
    },
    "2": {
        "precision": 0.4053522235340417,
        "recall": 0.0735084213531259,
        "f1-score": 0.12444874040959343,
        "support": 14012
    },
    "3": {
        "precision": 0.0,
        "recall": 0.0,
        "f1-score": 0.0,
        "support": 14012
    },
    "accuracy": 0.34427633457036827,
    "macro avg": {
        "precision": 0.24856636762861947,
        "recall": 0.34427633457036827,
        "f1-score": 0.20896255787776122,
        "support": 42036
    },
    "weighted avg": {
        "precision": 0.24856636762861944,
        "recall": 0.34427633457036827,
        "f1-score": 0.20896255787776125,
        "support": 42036
    }
}