{
    "1": {
        "precision": 0.0,
        "recall": 0.0,
        "f1-score": 0.0,
        "support": 21
    },
    "2": {
        "precision": 0.0,
        "recall": 0.0,
        "f1-score": 0.0,
        "support": 866
    },
    "3": {
        "precision": 0.8715795569711886,
        "recall": 1.0,
        "f1-score": 0.9313839251179701,
        "support": 6020
    },
    "accuracy": 0.8715795569711886,
    "macro avg": {
        "precision": 0.2905265189903962,
        "recall": 0.3333333333333333,
        "f1-score": 0.3104613083726567,
        "support": 6907
    },
    "weighted avg": {
        "precision": 0.7596509241300935,
        "recall": 0.8715795569711886,
        "f1-score": 0.811775188824407,
        "support": 6907
    }
}