{
    "1": {
        "precision": 0.002970142254181648,
        "recall": 0.9047619047619048,
        "f1-score": 0.005920847616079776,
        "support": 21
    },
    "2": {
        "precision": 0.13725490196078433,
        "recall": 0.08083140877598152,
        "f1-score": 0.10174418604651163,
        "support": 866
    },
    "3": {
        "precision": 0.0,
        "recall": 0.0,
        "f1-score": 0.0,
        "support": 6020
    },
    "accuracy": 0.01288547850007239,
    "macro avg": {
        "precision": 0.04674168140498866,
        "recall": 0.32853110451262874,
        "f1-score": 0.035888344554197135,
        "support": 6907
    },
    "weighted avg": {
        "precision": 0.017218056766378605,
        "recall": 0.01288547850007239,
        "f1-score": 0.012774692763315007,
        "support": 6907
    }
}