{
    "1": {
        "precision": 0.008928571428571428,
        "recall": 0.047619047619047616,
        "f1-score": 0.015037593984962405,
        "support": 21
    },
    "2": {
        "precision": 0.13526284701712935,
        "recall": 0.2644341801385681,
        "f1-score": 0.17897616256350138,
        "support": 866
    },
    "3": {
        "precision": 0.875343002744022,
        "recall": 0.7418604651162791,
        "f1-score": 0.8030929688904873,
        "support": 6020
    },
    "accuracy": 0.6798899667004488,
    "macro avg": {
        "precision": 0.33984480706324094,
        "recall": 0.35130456429129825,
        "f1-score": 0.33236890847965034,
        "support": 6907
    },
    "weighted avg": {
        "precision": 0.7799174753200878,
        "recall": 0.6798899667004488,
        "f1-score": 0.7224451743122065,
        "support": 6907
    }
}