{
    "1": {
        "precision": 1.0,
        "recall": 1.0,
        "f1-score": 1.0,
        "support": 64
    },
    "2": {
        "precision": 0.9968992248062015,
        "recall": 1.0,
        "f1-score": 0.998447204968944,
        "support": 1929
    },
    "3": {
        "precision": 1.0,
        "recall": 0.9995717956037682,
        "f1-score": 0.9997858519523164,
        "support": 14012
    },
    "accuracy": 0.9996251171508903,
    "macro avg": {
        "precision": 0.9989664082687338,
        "recall": 0.9998572652012561,
        "f1-score": 0.9994110189737535,
        "support": 16005
    },
    "weighted avg": {
        "precision": 0.9996262795783294,
        "recall": 0.9996251171508903,
        "f1-score": 0.9996253680687878,
        "support": 16005
    }
}