{
    "1": {
        "precision": 0.0,
        "recall": 0.0,
        "f1-score": 0.0,
        "support": 21
    },
    "2": {
        "precision": 0.14101184068891282,
        "recall": 0.151270207852194,
        "f1-score": 0.1459610027855153,
        "support": 866
    },
    "3": {
        "precision": 0.8745170502267764,
        "recall": 0.8647840531561461,
        "f1-score": 0.8696233191347198,
        "support": 6020
    },
    "accuracy": 0.7726943680324309,
    "macro avg": {
        "precision": 0.33850963030522974,
        "recall": 0.33868475366944667,
        "f1-score": 0.33852810730674504,
        "support": 6907
    },
    "weighted avg": {
        "precision": 0.7798912547273479,
        "recall": 0.7726943680324309,
        "f1-score": 0.7762465049374938,
        "support": 6907
    }
}