{
    "1": {
        "precision": 0.047619047619047616,
        "recall": 0.047619047619047616,
        "f1-score": 0.047619047619047616,
        "support": 21
    },
    "2": {
        "precision": 0.16117647058823528,
        "recall": 0.1581986143187067,
        "f1-score": 0.15967365967365965,
        "support": 866
    },
    "3": {
        "precision": 0.8770709078860173,
        "recall": 0.8794019933554817,
        "f1-score": 0.878234903782349,
        "support": 6020
    },
    "accuracy": 0.7864485304763283,
    "macro avg": {
        "precision": 0.3619554753644334,
        "recall": 0.36173988509774535,
        "f1-score": 0.36184253702501873,
        "support": 6907
    },
    "weighted avg": {
        "precision": 0.7847901678012504,
        "recall": 0.7864485304763283,
        "f1-score": 0.7856162603224455,
        "support": 6907
    }
}