{
    "1": {
        "precision": 0.3337223426298616,
        "recall": 1.0,
        "f1-score": 0.5004375078126395,
        "support": 14012
    },
    "2": {
        "precision": 0.9428571428571428,
        "recall": 0.002355124179274907,
        "f1-score": 0.004698512137823022,
        "support": 14012
    },
    "3": {
        "precision": 0.8571428571428571,
        "recall": 0.0008564087924636027,
        "f1-score": 0.0017111079423926994,
        "support": 14012
    },
    "accuracy": 0.33440384432391285,
    "macro avg": {
        "precision": 0.7112407808766205,
        "recall": 0.33440384432391285,
        "f1-score": 0.16894904263095176,
        "support": 42036
    },
    "weighted avg": {
        "precision": 0.7112407808766205,
        "recall": 0.33440384432391285,
        "f1-score": 0.16894904263095176,
        "support": 42036
    }
}