{
    "1": {
        "precision": 0.33365082388798933,
        "recall": 1.0,
        "f1-score": 0.5003570918440222,
        "support": 14012
    },
    "2": {
        "precision": 0.8125,
        "recall": 0.001855552383671139,
        "f1-score": 0.0037026488180005694,
        "support": 14012
    },
    "3": {
        "precision": 1.0,
        "recall": 0.0005709391949757351,
        "f1-score": 0.0011412268188302425,
        "support": 14012
    },
    "accuracy": 0.334142163859549,
    "macro avg": {
        "precision": 0.7153836079626631,
        "recall": 0.334142163859549,
        "f1-score": 0.16840032249361767,
        "support": 42036
    },
    "weighted avg": {
        "precision": 0.7153836079626631,
        "recall": 0.334142163859549,
        "f1-score": 0.16840032249361767,
        "support": 42036
    }
}