{
    "1": {
        "precision": 0.003044802087864289,
        "recall": 1.0,
        "f1-score": 0.006071118820468343,
        "support": 21
    },
    "2": {
        "precision": 0.16666666666666666,
        "recall": 0.0011547344110854503,
        "f1-score": 0.002293577981651376,
        "support": 866
    },
    "3": {
        "precision": 0.75,
        "recall": 0.0004983388704318936,
        "f1-score": 0.0009960159362549798,
        "support": 6020
    },
    "accuracy": 0.003619516432604604,
    "macro avg": {
        "precision": 0.3065704895848436,
        "recall": 0.33388435776050573,
        "f1-score": 0.003120237579458233,
        "support": 6907
    },
    "weighted avg": {
        "precision": 0.6745905999966959,
        "recall": 0.003619516432604604,
        "f1-score": 0.0011741346407405395,
        "support": 6907
    }
}