{
    "1": {
        "precision": 0.003043478260869565,
        "recall": 1.0,
        "f1-score": 0.006068487212830516,
        "support": 21
    },
    "2": {
        "precision": 0.5,
        "recall": 0.0011547344110854503,
        "f1-score": 0.002304147465437788,
        "support": 866
    },
    "3": {
        "precision": 1.0,
        "recall": 0.0008305647840531562,
        "f1-score": 0.0016597510373443983,
        "support": 6020
    },
    "accuracy": 0.0039090777472129724,
    "macro avg": {
        "precision": 0.5010144927536232,
        "recall": 0.3339950997317129,
        "f1-score": 0.003344128571870901,
        "support": 6907
    },
    "weighted avg": {
        "precision": 0.9342788349563454,
        "recall": 0.0039090777472129724,
        "f1-score": 0.0017539497873681545,
        "support": 6907
    }
}