{
    "1": {
        "precision": 0.0030534351145038168,
        "recall": 0.9523809523809523,
        "f1-score": 0.0060873535230558514,
        "support": 21
    },
    "2": {
        "precision": 0.13966480446927373,
        "recall": 0.028868360277136258,
        "f1-score": 0.0478468899521531,
        "support": 866
    },
    "3": {
        "precision": 0.8595505617977528,
        "recall": 0.02541528239202658,
        "f1-score": 0.049370764762826716,
        "support": 6020
    },
    "accuracy": 0.028666570146228462,
    "macro avg": {
        "precision": 0.3340896004605101,
        "recall": 0.33555486501670506,
        "f1-score": 0.03443500274601189,
        "support": 6907
    },
    "weighted avg": {
        "precision": 0.7666871615506395,
        "recall": 0.028666570146228462,
        "f1-score": 0.049048102648728185,
        "support": 6907
    }
}