{
    "1": {
        "precision": 0.3410193567748712,
        "recall": 0.9731658578361404,
        "f1-score": 0.5050557428052892,
        "support": 14012
    },
    "2": {
        "precision": 0.46378018318068276,
        "recall": 0.03975164145018555,
        "f1-score": 0.07322684546111878,
        "support": 14012
    },
    "3": {
        "precision": 0.43580683156654887,
        "recall": 0.026405937767627747,
        "f1-score": 0.04979476482067156,
        "support": 14012
    },
    "accuracy": 0.34644114568465123,
    "macro avg": {
        "precision": 0.41353545717403434,
        "recall": 0.34644114568465123,
        "f1-score": 0.20935911769569318,
        "support": 42036
    },
    "weighted avg": {
        "precision": 0.4135354571740343,
        "recall": 0.34644114568465123,
        "f1-score": 0.20935911769569315,
        "support": 42036
    }
}