{
    "1": {
        "precision": 0.3446223468358789,
        "recall": 1.0,
        "f1-score": 0.512593513928774,
        "support": 14012
    },
    "2": {
        "precision": 0.5391304347826087,
        "recall": 0.02654867256637168,
        "f1-score": 0.050605359814991153,
        "support": 14012
    },
    "3": {
        "precision": 0.5429403202328966,
        "recall": 0.02662003996574365,
        "f1-score": 0.05075175181985169,
        "support": 14012
    },
    "accuracy": 0.3510562375107051,
    "macro avg": {
        "precision": 0.47556436728379475,
        "recall": 0.35105623751070514,
        "f1-score": 0.2046502085212056,
        "support": 42036
    },
    "weighted avg": {
        "precision": 0.4755643672837948,
        "recall": 0.3510562375107051,
        "f1-score": 0.2046502085212056,
        "support": 42036
    }
}