{
    "1": {
        "precision": 0.002941631831552872,
        "recall": 0.9047619047619048,
        "f1-score": 0.005864197530864197,
        "support": 21
    },
    "2": {
        "precision": 0.13127413127413126,
        "recall": 0.03926096997690531,
        "f1-score": 0.06044444444444444,
        "support": 866
    },
    "3": {
        "precision": 0.8465608465608465,
        "recall": 0.026578073089700997,
        "f1-score": 0.05153808986954422,
        "support": 6020
    },
    "accuracy": 0.030838280005791228,
    "macro avg": {
        "precision": 0.3269255365555102,
        "recall": 0.32353364927617034,
        "f1-score": 0.039282243948284286,
        "support": 6907
    },
    "weighted avg": {
        "precision": 0.7543132283550248,
        "recall": 0.030838280005791228,
        "f1-score": 0.052515902425321156,
        "support": 6907
    }
}