{
    "1": {
        "precision": 0.047619047619047616,
        "recall": 0.047619047619047616,
        "f1-score": 0.047619047619047616,
        "support": 21
    },
    "2": {
        "precision": 0.16246498599439776,
        "recall": 0.13410404624277455,
        "f1-score": 0.14692843571880937,
        "support": 865
    },
    "3": {
        "precision": 0.8769056114174505,
        "recall": 0.8989193682460516,
        "f1-score": 0.8877760446597159,
        "support": 6015
    },
    "accuracy": 0.8004637009129112,
    "macro avg": {
        "precision": 0.3623298816769653,
        "recall": 0.36021415403595797,
        "f1-score": 0.3607745093325243,
        "support": 6901
    },
    "weighted avg": {
        "precision": 0.7848311064427067,
        "recall": 0.8004637009129112,
        "f1-score": 0.7923584995688975,
        "support": 6901
    }
}