{
    "1": {
        "precision": 0.016129032258064516,
        "recall": 0.047619047619047616,
        "f1-score": 0.024096385542168672,
        "support": 21
    },
    "2": {
        "precision": 0.14026602176541716,
        "recall": 0.2682080924855491,
        "f1-score": 0.18420007939658595,
        "support": 865
    },
    "3": {
        "precision": 0.8777242044358727,
        "recall": 0.7566084788029925,
        "f1-score": 0.8126785714285715,
        "support": 6015
    },
    "accuracy": 0.6932328648022026,
    "macro avg": {
        "precision": 0.3447064194864515,
        "recall": 0.35747853963586307,
        "f1-score": 0.340325012122442,
        "support": 6901
    },
    "weighted avg": {
        "precision": 0.7826662669448311,
        "recall": 0.6932328648022026,
        "f1-score": 0.7315027821934922,
        "support": 6901
    }
}