{
    "1": {
        "precision": 0.7142857142857143,
        "recall": 0.078125,
        "f1-score": 0.14084507042253522,
        "support": 64
    },
    "2": {
        "precision": 0.7002923976608187,
        "recall": 0.248315189217211,
        "f1-score": 0.36662839647914275,
        "support": 1929
    },
    "3": {
        "precision": 0.9017239127595664,
        "recall": 0.9855124179274907,
        "f1-score": 0.9417581668144309,
        "support": 14012
    },
    "accuracy": 0.8930334270540456,
    "macro avg": {
        "precision": 0.7721006749020333,
        "recall": 0.43731753571490056,
        "f1-score": 0.48307721123870295,
        "support": 16005
    },
    "weighted avg": {
        "precision": 0.8766968938699813,
        "recall": 0.8930334270540456,
        "f1-score": 0.8692380940155648,
        "support": 16005
    }
}