{
    "1": {
        "precision": 0.9992841803865425,
        "recall": 0.9962888952326577,
        "f1-score": 0.9977842899006504,
        "support": 14012
    },
    "2": {
        "precision": 0.9601941747572815,
        "recall": 0.9175706537253783,
        "f1-score": 0.9383986570323334,
        "support": 14012
    },
    "3": {
        "precision": 0.9182338511856092,
        "recall": 0.9617470739366257,
        "f1-score": 0.9394868934746234,
        "support": 14012
    },
    "accuracy": 0.9585355409648872,
    "macro avg": {
        "precision": 0.9592374021098111,
        "recall": 0.9585355409648871,
        "f1-score": 0.9585566134692023,
        "support": 42036
    },
    "weighted avg": {
        "precision": 0.959237402109811,
        "recall": 0.9585355409648872,
        "f1-score": 0.9585566134692023,
        "support": 42036
    }
}