{
    "1": {
        "precision": 0.982953349701859,
        "recall": 1.0,
        "f1-score": 0.991403403261754,
        "support": 14012
    },
    "2": {
        "precision": 0.8065855655632238,
        "recall": 0.9842278047387953,
        "f1-score": 0.886595949855352,
        "support": 14012
    },
    "3": {
        "precision": 0.9907329401853412,
        "recall": 0.7553525549528975,
        "f1-score": 0.8571775663089695,
        "support": 14012
    },
    "accuracy": 0.9131934532305643,
    "macro avg": {
        "precision": 0.9267572851501412,
        "recall": 0.9131934532305643,
        "f1-score": 0.9117256398086918,
        "support": 42036
    },
    "weighted avg": {
        "precision": 0.9267572851501413,
        "recall": 0.9131934532305643,
        "f1-score": 0.9117256398086918,
        "support": 42036
    }
}