{
    "1": {
        "precision": 0.14285714285714285,
        "recall": 0.047619047619047616,
        "f1-score": 0.07142857142857142,
        "support": 21
    },
    "2": {
        "precision": 0.16062176165803108,
        "recall": 0.07167630057803469,
        "f1-score": 0.09912070343725021,
        "support": 865
    },
    "3": {
        "precision": 0.8741548862937922,
        "recall": 0.9458021612635079,
        "f1-score": 0.9085682344486146,
        "support": 6015
    },
    "accuracy": 0.8335023909578322,
    "macro avg": {
        "precision": 0.392544596936322,
        "recall": 0.35503250315353,
        "f1-score": 0.3597058364381454,
        "support": 6901
    },
    "weighted avg": {
        "precision": 0.7824923148661582,
        "recall": 0.8335023909578322,
        "f1-score": 0.8045612720883405,
        "support": 6901
    }
}