{
    "1": {
        "precision": 0.0,
        "recall": 0.0,
        "f1-score": 0.0,
        "support": 21
    },
    "2": {
        "precision": 0.15126050420168066,
        "recall": 0.16628175519630484,
        "f1-score": 0.1584158415841584,
        "support": 866
    },
    "3": {
        "precision": 0.875992566311877,
        "recall": 0.8612956810631229,
        "f1-score": 0.8685819582879638,
        "support": 6020
    },
    "accuracy": 0.7715361227739974,
    "macro avg": {
        "precision": 0.3424176901711859,
        "recall": 0.34252581208647587,
        "f1-score": 0.3423325999573741,
        "support": 6907
    },
    "weighted avg": {
        "precision": 0.7824622623188294,
        "recall": 0.7715361227739974,
        "f1-score": 0.7769004644136996,
        "support": 6907
    }
}