{
    "1": {
        "precision": 0.008849557522123894,
        "recall": 0.047619047619047616,
        "f1-score": 0.014925373134328358,
        "support": 21
    },
    "2": {
        "precision": 0.1476510067114094,
        "recall": 0.2540415704387991,
        "f1-score": 0.18675721561969438,
        "support": 866
    },
    "3": {
        "precision": 0.8782051282051282,
        "recall": 0.7737541528239202,
        "f1-score": 0.8226774991169198,
        "support": 6020
    },
    "accuracy": 0.7063848269871145,
    "macro avg": {
        "precision": 0.34490189747955385,
        "recall": 0.35847159029392234,
        "f1-score": 0.3414533626236475,
        "support": 6907
    },
    "weighted avg": {
        "precision": 0.7839650332003644,
        "recall": 0.7063848269871145,
        "f1-score": 0.7404898981100816,
        "support": 6907
    }
}