{
    "1": {
        "precision": 0.03571428571428571,
        "recall": 0.047619047619047616,
        "f1-score": 0.04081632653061224,
        "support": 21
    },
    "2": {
        "precision": 0.16180048661800486,
        "recall": 0.1535796766743649,
        "f1-score": 0.1575829383886256,
        "support": 866
    },
    "3": {
        "precision": 0.8765065213802212,
        "recall": 0.8818936877076412,
        "f1-score": 0.8791918522811956,
        "support": 6020
    },
    "accuracy": 0.7880411177066744,
    "macro avg": {
        "precision": 0.35800709790417057,
        "recall": 0.3610308040003512,
        "f1-score": 0.3591970390668111,
        "support": 6907
    },
    "weighted avg": {
        "precision": 0.784340304056772,
        "recall": 0.7880411177066744,
        "f1-score": 0.7861674993824367,
        "support": 6907
    }
}