{
    "1": {
        "precision": 0.9948570253034356,
        "recall": 1.0,
        "f1-score": 0.9974218830566155,
        "support": 4836
    },
    "2": {
        "precision": 0.9667919799498746,
        "recall": 0.957196029776675,
        "f1-score": 0.9619700748129676,
        "support": 4836
    },
    "3": {
        "precision": 0.9580160526857378,
        "recall": 0.9625723738626965,
        "f1-score": 0.9602888086642598,
        "support": 4836
    },
    "accuracy": 0.9732561345464571,
    "macro avg": {
        "precision": 0.9732216859796826,
        "recall": 0.9732561345464572,
        "f1-score": 0.9732269221779477,
        "support": 14508
    },
    "weighted avg": {
        "precision": 0.9732216859796827,
        "recall": 0.9732561345464571,
        "f1-score": 0.9732269221779476,
        "support": 14508
    }
}