{
    "1": {
        "precision": 0.041666666666666664,
        "recall": 0.047619047619047616,
        "f1-score": 0.044444444444444446,
        "support": 21
    },
    "2": {
        "precision": 0.16586921850079744,
        "recall": 0.12023121387283237,
        "f1-score": 0.13941018766756033,
        "support": 865
    },
    "3": {
        "precision": 0.876,
        "recall": 0.9102244389027432,
        "f1-score": 0.8927843456991439,
        "support": 6015
    },
    "accuracy": 0.8085784668888567,
    "macro avg": {
        "precision": 0.3611786283891547,
        "recall": 0.3593582334648744,
        "f1-score": 0.3588796592703829,
        "support": 6901
    },
    "weighted avg": {
        "precision": 0.7844503512539037,
        "recall": 0.8085784668888567,
        "f1-score": 0.7957717700400121,
        "support": 6901
    }
}