{
    "1": {
        "precision": 0.9940390544707092,
        "recall": 1.0,
        "f1-score": 0.9970106174621173,
        "support": 4836
    },
    "2": {
        "precision": 0.9229885057471264,
        "recall": 0.9962779156327544,
        "f1-score": 0.9582338902147972,
        "support": 4836
    },
    "3": {
        "precision": 0.9975130002260909,
        "recall": 0.91232423490488,
        "f1-score": 0.9530186845231666,
        "support": 4836
    },
    "accuracy": 0.9695340501792115,
    "macro avg": {
        "precision": 0.9715135201479755,
        "recall": 0.9695340501792115,
        "f1-score": 0.9694210640666937,
        "support": 14508
    },
    "weighted avg": {
        "precision": 0.9715135201479755,
        "recall": 0.9695340501792115,
        "f1-score": 0.9694210640666937,
        "support": 14508
    }
}