{
    "1": {
        "precision": 0.9946524064171123,
        "recall": 1.0,
        "f1-score": 0.9973190348525469,
        "support": 4836
    },
    "2": {
        "precision": 0.9724751217446538,
        "recall": 0.9497518610421837,
        "f1-score": 0.9609791819227952,
        "support": 4836
    },
    "3": {
        "precision": 0.9514523664432257,
        "recall": 0.9685690653432589,
        "f1-score": 0.9599344195101959,
        "support": 4836
    },
    "accuracy": 0.9727736421284808,
    "macro avg": {
        "precision": 0.9728599648683306,
        "recall": 0.9727736421284808,
        "f1-score": 0.9727442120951794,
        "support": 14508
    },
    "weighted avg": {
        "precision": 0.9728599648683306,
        "recall": 0.9727736421284808,
        "f1-score": 0.9727442120951794,
        "support": 14508
    }
}