{
    "1": {
        "precision": 0.0,
        "recall": 0.0,
        "f1-score": 0.0,
        "support": 64
    },
    "2": {
        "precision": 0.9461538461538461,
        "recall": 0.06376360808709176,
        "f1-score": 0.11947547353084022,
        "support": 1929
    },
    "3": {
        "precision": 0.8822677165354331,
        "recall": 0.9995717956037682,
        "f1-score": 0.9372636932445545,
        "support": 14012
    },
    "accuracy": 0.8827866291783818,
    "macro avg": {
        "precision": 0.6094738542297597,
        "recall": 0.35444513456362,
        "f1-score": 0.35224638892513155,
        "support": 16005
    },
    "weighted avg": {
        "precision": 0.8864396134536244,
        "recall": 0.8827866291783818,
        "f1-score": 0.8349520186306585,
        "support": 16005
    }
}