{
    "1": {
        "precision": 0.041666666666666664,
        "recall": 0.047619047619047616,
        "f1-score": 0.044444444444444446,
        "support": 21
    },
    "2": {
        "precision": 0.17647058823529413,
        "recall": 0.09017341040462427,
        "f1-score": 0.11935730680948738,
        "support": 865
    },
    "3": {
        "precision": 0.8755244755244755,
        "recall": 0.9366583541147132,
        "f1-score": 0.9050602409638554,
        "support": 6015
    },
    "accuracy": 0.8278510360817273,
    "macro avg": {
        "precision": 0.3645539101421454,
        "recall": 0.35815027071279504,
        "f1-score": 0.3562873307392624,
        "support": 6901
    },
    "weighted avg": {
        "precision": 0.785364697739929,
        "recall": 0.8278510360817273,
        "f1-score": 0.803958086236941,
        "support": 6901
    }
}