{
    "1": {
        "precision": 0.0,
        "recall": 0.0,
        "f1-score": 0.0,
        "support": 21
    },
    "2": {
        "precision": 0.2112676056338028,
        "recall": 0.017341040462427744,
        "f1-score": 0.03205128205128205,
        "support": 865
    },
    "3": {
        "precision": 0.8726207906295754,
        "recall": 0.9908561928512053,
        "f1-score": 0.9279875437913586,
        "support": 6015
    },
    "accuracy": 0.8658165483263295,
    "macro avg": {
        "precision": 0.36129613208779277,
        "recall": 0.3360657444378777,
        "f1-score": 0.32001294194754687,
        "support": 6901
    },
    "weighted avg": {
        "precision": 0.7870686182452016,
        "recall": 0.8658165483263295,
        "f1-score": 0.8128632712475556,
        "support": 6901
    }
}