{
    "1": {
        "precision": 0.041666666666666664,
        "recall": 0.047619047619047616,
        "f1-score": 0.044444444444444446,
        "support": 21
    },
    "2": {
        "precision": 0.16956521739130434,
        "recall": 0.09017341040462427,
        "f1-score": 0.11773584905660377,
        "support": 865
    },
    "3": {
        "precision": 0.8751753155680224,
        "recall": 0.9336658354114713,
        "f1-score": 0.9034749034749034,
        "support": 6015
    },
    "accuracy": 0.8252427184466019,
    "macro avg": {
        "precision": 0.3621357332086645,
        "recall": 0.357152764478381,
        "f1-score": 0.3552183989919839,
        "support": 6901
    },
    "weighted avg": {
        "precision": 0.7841948175894989,
        "recall": 0.8252427184466019,
        "f1-score": 0.8023730455251181,
        "support": 6901
    }
}